[
    {
      "precio": 18,
      "id": 1,
      "title": "galleta1",
      "img": "/imagenes/alfajor chispas de chocolate.jpg"
    },
    {
      "precio": 18,
      "id": 2,
      "title": "galleta2",
      "img": "/imagenes/alfajor_comun.jpg" 
    },
    {
      "precio": 18,
      "id": 3,
      "title": "galleta3",
      "img": "/imagenes/almendra.jpg"
    },
    {
      "precio": 18,
      "id": 4,
      "title": "galleta4",
      "img": "/imagenes/pasas.jpg"
    },
    {
      "precio": 18,
      "id": 5,
      "title": "Mango",
      "img": "/imagenes/gotas de chocolate.jpg"
    },
    {
      "precio": 18,
      "id": 6,
      "title": "Chela",
      "img": "/imagenes/galleton almendra.jpg"
    },
    {
      "precio": 18,
      "id": 7,
      "title": "CaloVentilador",
      "img" : "imagenes/relleno chocolate 2.jpg"
    }
  ]