[
    {
      "precio": 18,
      "id": 1,
      "title": "Galelta Alfajor chispas de chocolate",
      "img": "/imagenes/galleta1.jpg"
    },
    {
      "precio": 18,
      "id": 2,
      "title": "Galleta Alfajor",
      "img": "/imagenes/galleta2.jpg" 
    },
    {
      "precio": 18,
      "id": 3,
      "title": "Galleta de Almendra",
      "img": "/imagenes/galleta3.jpg"
    },
    {
      "precio": 18,
      "id": 4,
      "title": "Galleta de Pasas",
      "img": "/imagenes/galleta4.jpg"
    },
    {
      "precio": 18,
      "id": 5,
      "title": "Galleta trosos de Chocolate",
      "img": "/imagenes/galleta5.jpg"
    },
    {
      "precio": 18,
      "id": 6,
      "title": "Galleton Cubierta de chocolate",
      "img": "/imagenes/galleta6.jpg"
    },
    {
      "precio": 18,
      "id": 7,
      "title": "Galleta Rellenas de Chocolate Negro",
      "img" : "imagenes/galleta7.jpg"
    }
  ]